player_name,real_name,nationality,team,player_status
0waRy,,Japan,TSURUGI eSports,Active
1000Eyes,Tessa Steis,United States,,Active
1Fumeta,Gabriel Reinhardt,Brazil,,Active
1ief,Peter Benney,Australia,,Active
1ndraking,Sebastián Ezequiel Niz,Argentina,Pirate Dream Esports,Active
1tappy,,Japan,V3 VEGA,Active
1Worst,Julio Augusto,Brazil,,Active
247,,Japan,,Active
3Mz,Hu Wang,China,DreamFire,Active
4SeTz,José Vinicius Testoni,Brazil,,Active
5CG,,Japan,IGZIST,Active
788,Masaki Tamanaha,Japan,RIG North,Active
7Hyperz,,Colombia,,Active
7ouzz,Guillermo Matías Ignacio Villar Pinto,Chile,Dood Esports,Active
7ozzzus,Vladimir Vorotilov,Russia,Name1ess,Active
836,,Japan,,Retired
9impulse,Kirill Kostiv,Belarus,ZETA DIVISION,Active
A1one,Wenlong Xu,China,,Active
abara,Kota Suzuki,Japan,,Active
Accentiii,Niclas Riedel,Germany,,Active
ACEKTM7,Austin Evans,United States,,Active
aceu,Brandon Winn,United States,NRG,Retired
Ack,Stephen Osiki,United States,BLVKHVND,Active
Aeon,Ramzi Geysen,Belgium,,Retired
Aesir,,Japan,,Retired
Aggrasive,Swapnil Chowdhury,Bangladesh,,Active
ahn2e,Kim Gun-ho,South Korea,FAV gaming,Active
AhnuG,,Japan,LEDIAN MAGICAL,Active
aidanthedestroye,Aidan Macmillan,Canada,Oxygen Esports,Active
Aimbot,,South Korea,FAV gaming,Active
aimbotmachin3,Khrys Torres,Argentina,TENGAA,Active
AirSaaan,Ben Ruffels,Australia,,Retired
aizer,Eduardo Ribeiro,Brazil,,Retired
Ak1to,Shota Iizuka,Japan,DeToNator,Retired
Aka,Kim Su-hwan,South Korea,,Retired
akeu,Daniel Vesely,Czech Republic,,Retired
Akim4XD,Muhammad Amirul Hakim,Malaysia,,Active
Aladdin,Grant LaBelle,United States,,Retired
Albralelie,Mac Kenzie Beckwith,United States,TSM,Active
Aldgia,Jessie Barger,United States,,Retired
AlejandroSuntay,Alejandro Suntay,United States,,Retired
Alelu,,Japan,DeToNator,Retired
AlexDoubleU,Alex Wilson,United Kingdom,,Retired
Alhdar,Marion Pereda,Chile,,Active
alkaliion,,Japan,,Retired
Almaynx,Poovanon Thuvanalin,Thailand,,Retired
AlpaN,Sigeru Maki,Japan,Pro Gaming team Selector,Active
AlphaDraft,David Ciura,Poland,Rascals,Active
Altruli,Alix Trublet de Nermont,South Africa,,Active
Amaazz,Nicolas Sageot,France,Totem Esports,Active
Anbu,Nathan Truong,United States,BearClaw Gaming,Active
AndreStrong,Andrea Russo,Italy,,Active
Android Dream,Noah Martinez,United States,,Retired
AndyJax,Alaa Elmeleh,Italy,Outplayed,Active
Anemone,Terasaki Nagi,Japan,Donuts Unsold Stuff Gaming,Active
Anorak,Ufuk Kenan Taflan,Turkey,,Active
Anrchxy,Toby Wells,United Kingdom,Lazarus,Retired
Ansvar,Emil Nachtweij,Sweden,,Active
Antzii,Anthony Walker,United States,,Active
Anyxii,Osama,Saudi Arabia,,Active
Aono,,China,MDY,Active
apexSQL,Patimakron Mechai,Thailand,Made in Thailand,Retired
Appraiser,Thanakorn Ruckapunmaetree,Thailand,,Active
apriaN,Helmy Dwi Apriandie,Indonesia,,Retired
Apryze,Anthony Andrade,United States,Complexity Gaming,Active
Archerzgold,Henrique Muniz,Brazil,,Active
ArMzAdOg,Manasak  Pholprasarn,Thailand,,Retired
artiNN1,Lucas Nascimento Cafure,Brazil,Team Singularity,Active
ArTiXeNN,Mateusz Cywiński,Poland,,Active
Artyco,Artur Tishchenko,Ukraine,Gambit Esports,Active
Aru,,Japan,Syth Gaming,Active
Asanagi Sio,,Japan,AVALON Gaming,Active
Ashes,Kim Hyun-soo,South Korea,,Active
ASKYY,Victor Marion,France,Nemesis,Active
asleep,Ezequiel Gomes Rocha,Brazil,Pirate Dream Esports,Active
Assassin 47,Nitish Nair,India,,Active
AsSen,Mao-Sen Huang,Taiwan,,Retired
Assert,Dylan Romo,United States,,Retired
assiikun,,Japan,Riddle,Active
Asura,Hunter Perez,United States,Atlanta Premier,Active
Atrosty,Matter Mohammed,United Arab Emirates,,Active
Attune,Nam Ki-hoon,South Korea,,Retired
Aurora,Lee Hyeon-su,South Korea,,Active
AvadoN,Kudo Kyosuke,Japan,Meteor,Active
Aves,Avery Post,United States,start a fight eSports,Active
Avi,An Bảo Lê Nguyễn,Vietnam,,Retired
avlis,Yohran Erick,Brazil,,Active
Axbak,Akshuna Bishnoi,India,XSpark,Active
Azazel,João Pedro,Brazil,Fênix Team,Active
Azee,Ilya Blinkov,Russia,,Active
Azmaz,Erwan Le Dû,France,,Retired
AZu,,China,Golden Sage,Active
Azzy,Anthony Holmes,United States,,Retired
B4mbino,Josef Nedorost,Czech Republic,Vexed Gaming,Active
Badoli,Oliver Kurtuldu,Denmark,,Active
Baker,Lukas Becker,Germany,,Active
Bakky,,Japan,,Active
BallonG,Sebastian Eketrapp,Sweden,,Active
BanterStorm,Aiden Ramsay,Australia,,Active
BAPE5,Vladislav Khivrenko,Russia,,Active
Barkadij,Arkadij Kraft,Germany,,Active
Barroth,Thanasak Nusing,Thailand,Overclock Esport,Active
Bastiaan,Muhammad Arie Rafly,Indonesia,Method2Madness,Active
Bazzi,Jeong Da-un,South Korea,,Retired
bborton,Trevor Scarperi,United States,Void,Active
BBursty,Joseph Capobianco,United States,Team Razer,Active
BcJ,Brendan Jensen,United States,,Retired
bean,Matthew Campanale,United States,,Active
bear,Will Marks,United States,,Active
BeaTzPB,Trystan Burke,Australia,,Retired
BeiBei,I-Ta Chen,Taiwan,,Active
Beilin,Alec Mader,United States,,Retired
believerok,Alexander Vojtov,Russia,,Active
Bellkun,Muhammad Iqbal Salis,Indonesia,XSpark,Active
BenMF,Ben Falconer,New Zealand,,Retired
Besiak,Daniel Bieliński,Poland,,Active
Besk9,Hernandes Mateus dos Santos,Brazil,Team Singularity,Active
BigEKnows,Eric Leichliter,United States,,Retired
Bigzzy,Thoriq Sultan,Indonesia,NXL WOLFPACK,Active
Bin,Matheus Oliveira Ribeiro,Brazil,Elevate,Active
bird,Mitchell Guernica,United States,,Retired
Birdtv,Warut Rattarach,Thailand,,Retired
Birt,Mitchell Casey,Canada,,Retired
BishUP,Bishop Dawson,United States,,Retired
BL4CKSzz,Elias Junior,Brazil,FusioN E-Sport,Active
Blasts,Jamie Levine,United Kingdom,,Active
Blaze,Guy Spencer,United States,,Unknown
BleachiM,Michael Bahouth,Israel,NiBBLE Esports,Active
Blight,Ian Parkinson,United States,,Active
blitziin,Noah Davis,United States,Neanderthals,Active
BlueberrySmalls,,United States,Team Apple Jacks,Retired
BlurrFlavorz,Christopher Martinez,United States,,Active
bNs,Bruno Semeghini,Brazil,,Retired
BobSappAim,,Japan,Knot Not Rank,Retired
BoLin,Shin-Lung Tsai,Taiwan,ANT Esports Club,Active
Boring,,China,,Active
bouhn,Ander Nabi,Estonia,,Active
bowswer,Rafael Canadas,United States,,Active
Bowzey,Thomas Bowes,United Kingdom,,Active
Brad Lusher,Brad Lusher,Australia,,Active
Brans,Brandon Herrera,Chile,FusioN E-Sport,Active
Brasilian,,Japan,Meteor,Active
Braver,,Japan,Radical Pop Gaming,Active
Bravo,Andy Dudynsky,United States,,Unknown
BreaK,Gary Marshall,United Kingdom,Team SoloMid,Retired
Brenin,Tomás Del Canal,Argentina,,Retired
BrittMarie,Robin Jan Synnergren Jonasson,Sweden,,Active
Bronzey,Deston Nguyen,United States,Ghost Gaming,Active
Bruthaman,Chandler Atkinson,United States,,Retired
brynn,Brynn Crompton Corbet,United Kingdom,Invictus Gaming International,Active
BulletL,Louis Borg,Australia,Sutoraiku,Active
BunnyH0p,Noel Chuat,Malaysia,Perangai Gaming,Active
Buttzyy,Luke Butler,United Kingdom,,Retired
Cabbagest,Yosuke Tamura,Japan,Meteor,Active
CacaLL,Zongren Liu,China,Golden Sage,Active
Caffezin,Vinícius Bergling Coffoni,Brazil,Elevate,Active
Cali,Gage Meyer,United States,,Retired
Campar,Cameron Patterson,Australia,,Retired
Capi,Ignacio Del Rio,Argentina,,Retired
CaRazorARG,Octavio Sanchez,Argentina,,Active
CarryRubick,Vitali Pajvin,Russia,Redragon,Active
Casper,Brenden Marino,United States,,Retired
Caspere,Casper Elvelid,Sweden,,Active
Cathryan,Gökhan Saral,Turkey,Fenerbahçe Esports,Active
Ceryal,Andrew Vargas,United States,,Active
Ch1no,,Japan,,Active
Chambers,Sinchai Sotsiao,Thailand,,Active
Chambie,Brandon-Lee Ellis,South Africa,NIBBLE Esports,Active
ChanceL,Chance Lippie,United States,,Active
ChaNRiyo,,Japan,Team UNITE,Active
Chappie,Justin Andrews,United States,Cloud9,Retired
cheaterboi,Tyler Coetser,South Africa,DNMK Esports,Active
Cheeky,,Japan,SBI e-Sports,Active
chentric,Ricardo Miranda,Portugal,,Retired
Chikencio,Oscar Salvador Ojeda,Spain,,Retired
chipzy,Hogne Kjærstad Krogsæther,Norway,,Retired
chocoTaco,Jacob Throop,United States,Team SoloMid,Retired
Choppadown,John Culianos,United States,,Retired
ChouChuu,,Taiwan,,Retired
Chr1s878,Shun-Xian Huang,Taiwan,StinkyB,Active
Chris,Chris Brown,Canada,,Retired
Chrollo,Igor Bogomolov,Russia,,Retired
Clane,Charles Lane,United States,XSET,Active
Claraphi,Jay Stanley,United States,,Retired
clawz,Nikita Marchinsky,Belarus,Natus Vincere,Active
cleaveee,Denis Rassokhin,Russia,Team Empire,Active
Clem,Clement Graham,United Kingdom,,Retired
Clone,Guillaume Besse,France,,Active
CloNeZERA,Diogo Mariano da Silva,Brazil,,Active
Cody,Cody Loze,United States,Team Intel,Active
ColaTMB,Zac McCooey,United States,,Retired
Cooller,Anton Singov,Russia,,Retired
Cornpops,Jeremy Sherin,United States,,Retired
Coryyy,Cory,United States,,Active
CPBR,Nikita Tyurin,Russia,,Active
Cpt,Park Won-jae,South Korea,Crazy Raccoon,Retired
Crank,,Canada,,Retired
Crazyface,Sheng-Lun Zhang,Taiwan,,Retired
crems,Carl Aspehult,Sweden,,Retired
Crewsn,Brandon Crews,United States,Team Excedrin,Active
Crizx,,France,,Active
Crook,Kyle Hughes,United States,Atlanta Premier,Active
CrozzoveR,Jaime Alvarez,United States,,Retired
CrS,Chris Mixon,United States,,Retired
Crust,Nicholas Kell,Canada,Sentinels,Active
Cryptic,Zain Hayres,Australia,,Retired
CryptiK,Nathan Humphries,Australia,,Retired
CUBSKi,Andre Enriquez,United States,Oxygen Esports,Active
cucubau,Cucu Adrian,Romania,,Retired
Curihara,,Japan,RxR Clover,Active
Cybe8,Giulio Bavaresco,Italy,,Retired
cyian,,Japan,TEQWING,Active
Cyndalive,Andy James Jacobs,South Africa,,Active
Cynic,Rhys Lambourne,United Kingdom,,Retired
cYpheR,Alexei Yanushevsky,Belarus,,Retired
cyptripio,Javier Alonso Soto Gonzalez,Chile,,Active
Cyqop,Théo Lesecq,France,AllPlanned,Retired
D4rk,Jean-Paul Adams,France,Nemesis,Active
Daiki,,Japan,,Active
Daltoosh,Dalton,United States,TSM,Active
Daniomega,Dani Strange-Durante,United Kingdom,NoFear Gaming,Active
Darkin,Georgi Titov,United Kingdom,,Active
Darkside,Colwyn King,Canada,,Active
DaStwika,Matthew Ries,South Africa,,Active
DavinCi,,Japan,ORTHROS FANG,Retired
Davsa,David Halberštát,Czech Republic,,Retired
Daze,Damien Patrac,France,,Retired
Dazoh,Joshua Alston Davis,United Kingdom,UNDERRATED,Active
Dazs,Hector Felix,United States,SoaR,Active
Dcop,Carlo Delsol,Mexico,,Retired
DcTzr,Joshua Jones,United Kingdom,,Active
ddk,Daniel Kapadia,United Kingdom,FACEIT,Active
Deft,Pedro Henrique,Brazil,,Retired
demotivator,Batuhan Emre Balaban,Turkey,Team HLDC,Active
Denpride,Kevin Sanchez,Colombia,All Glory Gaming,Active
Denzaay,Denis Brendstrup,Poland,,Active
Dero,Rattawit Supasertpokin,Thailand,,Active
Desertuk,Petr Myagkov,Belarus,FIGVAM,Active
Despe,Ville Palmu,Finland,,Retired
DeX,Hyun Jae-geun,South Korea,Quintette Fortissimo,Active
Dexter,Lertpong Nakurai,Thailand,EXO Clan,Active
dexyuku,,Japan,FENNEL,Active
Dezignful,Tyler Gardner,United States,G2 Esports,Active
DiA,Rafael Ruiz,Canada,,Active
Dictator,Mohammed Bin Hattan,Saudi Arabia,NASR Esports,Active
Dids,Matthew Didehvar,United Kingdom,,Active
diegosaurs,Diego Raymond Navarrette,United States,,Retired
Diffauss,Nikita Gainitdinov,Russia,Avangard,Active
diffq,Nicholas David Espersen,Denmark,soloQgoats,Active
Diimas,Raphael Ramalho,Brazil,,Active
Dimi,Robert Johnson,United States,Team Nerf,Active
Dipities,Channel Tello,Sweden,T-Rex,Active
dizzy,Coby Meadows,United States,,Retired
DizzyMizLizyy,Ishikawa Yuto,Japan,RIG North,Active
DjTalica,Andrew Reid,Australia,,Retired
DKzeera,Gustavo Martinello,Brazil,,Active
Dodge,Dodge Lecciones,Philippines,,Active
Dogma,Kim Jeong-jin,South Korea,REJECT,Active
Don,Hao Tan,Taiwan,Meteor,Active
DoomMVP,Muhhamad Hafiz,Indonesia,Method2Madness,Active
dooplex,Ira Shepherd,United States,Esports Arena,Active
Double0negative,Drew,United States,Absolute Monarchy,Active
DOYOUKNOWDOO,Jung Hyun-doo,South Korea,D4RK Esports,Active
DRAM4H,Daniel Avelarde,Colombia,,Active
Dreadnaught,Wade Penfold,United States,,Unknown
Drenzi,Lucas Medaris,United States,,Retired
Dresavx,Andrei Savu,United States,Team Razer,Active
Dropped,Mark Thees,United States,Spacestation Gaming,Active
dsblf,David Khachapuridze,Russia,Magicians,Active
dummy,Tim Olson,United States,,Retired
Duvan,Duvan Quintero,Colombia,,Retired
Dēcapitāre,Baptiste Garcia,France,789,Active
Edah,Ewan Bodden,United Kingdom,,Active
Eden,,Japan,,Active
Eiwiin,Jeremie Mac Carthy,France,,Active
Elfishguy,Jordan Mays,Australia,,Active
Elicit,Ryan Viola,United States,,Retired
Ellish,Muhammad Iqbal Yudi Aksan,Indonesia,Im Online Now,Active
Elysium,Felipe Andrés Zapata Marchant,Chile,Team Singularity,Active
EMEF,Alistair Allum,United Kingdom,Invictus Gaming International,Active
Emersons,Danil Bogdanov,Russia,KOMANDA A,Active
EMILIAZII,Atikan Senkaew,Thailand,Inside The Ring,Active
Emtee,Matthew Trengove,Australia,Team Burger,Active
ErycYoo,Li Wei,Taiwan,Welcome,Active
Esdesu,Elvira Temirova,Russia,789,Active
EsProxy,Esmari Swart,South Africa,,Active
Eternal,Evandro Monteiro Coelho,Brazil,ODDIK,Active
Etheriia,Alec Braganza,United States,,Retired
Euriece,Jan Del Rosario,Canada,Torrent,Active
EVERMORE2,Koo Kyo-jun,South Korea,,Active
evokje,Elvinas Padegimas,Lithuania,Mutariuum,Active
evzy,Evelyn La Torre,Argentina,Team DeftFox,Active
Exens,Maxim Dmitruk,Russia,dead inside,Active
Exile,Jesse Aldazabal,United States,Team Pop-Tarts,Active
Exko,Dakota MacLeod,Canada,,Retired
eytiiN,Lucas Holmqvist,Sweden,Clique Esports,Active
EzFlash,Muamar Fahri Abrar,Indonesia,Method2Madness,Active
eziiie,Paweł Świder,Poland,,Active
Faenex,Kai van Duppen,Netherlands,Forg Gang,Active
Faide,Cole Caswell,United States,,Active
Falloutt,Jon Kefaloukos,United States,,Active
Farmerlucas,Lucas Watson,United States,,Active
FatFruitNinja,Ryan Pritchard,United States,Absolute Monarchy,Active
FATTMONSTER,Hasan Ali Naqvi,India,XSpark,Active
FeiJu,Lingjun Guo,China,MDY White,Active
felipiant,Felipi Antoni,Brazil,,Active
FenDiiLYZ,Lee Yong Ze,Malaysia,,Active
feu,Alefe Dos Santos,Brazil,,Banned
Finest,Austin Pendergraft,United States,Tempo Storm,Active
Finicki,Chris Cox,United States,,Retired
FiReMaNNN,Javier Collado,Chile,,Retired
Firo,,Japan,,Active
fitoo,Artem Ivanov,Russia,Magicians,Active
Fixzao,,Brazil,,Active
Fjeldern,Markus Fjeld,Norway,,Retired
fLameShotx,Tuan Attiff,Malaysia,MBT.NAGA,Active
Flanker,Thomas Cook,United States,Team Liquid,Active
Flaws,,Australia,,Retired
Fleeky_af,Aaron Staeben,Germany,,Retired
Fleow,Felipe Oliveira,Brazil,,Active
Fokarn,Alexander Söderberg,Sweden,,Active
FOLKZ,Bruno Fernandes,Brazil,,Active
Folti,Ray Donald Dewald,Germany,,Active
Forcee,Eric Sanchez,Mexico,Team Nerf,Active
Forsak3n,Viktors Bernevs,Latvia,,Retired
FoxieGG,Tyler Lowton,United Kingdom,,Retired
foZej,Berk Gürel,Turkey,,Active
FRANxx,,Japan,RxR Clover,Active
Frapper,Brendan Frappier,Canada,,Active
Fratis,Jakkrapat Khemkhajohn,Thailand,,Active
frazi,Wellington Kuwana,Brazil,FusioN E-Sport,Active
freddo,Luca Bacci,Italy,,Retired
FreeD,Vitalii Popov,Russia,,Retired
FRESHY,Dario Smiljanić,Croatia,,Retired
Frexs,Joseph Sanchez,United States,Spacestation Gaming,Active
Frogz,Kaue Soares,Brazil,Fênix Team,Active
Frostybee,Bagus Mega Setiawan,Indonesia,,Retired
Ftyan,,Japan,Team UNITE,Active
Fubuki,,Japan,O2 esports,Active
fuinhaFPS,André Luiz Lucatelli Borges,Brazil,BRAZUCAS,Active
FunFPS,Brandon Groombridge,United States,Team Liquid,Active
Funk,Rhys Smyth,Ireland,,Active
Furaru,,Japan,,Retired
Furen,Sebastian Błaszczyk,Poland,,Retired
Fury,Ariel Hernandez,United States,Team VIZIO,Active
Fussy,Cameron Clark,Australia,Sutoraiku,Active
FuTuRe,Jaylen Gammage,United States,,Retired
Fyzu,Dmitry Petrov,Russia,,Retired
Fzr,,Japan,IGZIST,Active
G0_Zh,Igor Zhukov,Russia,,Active
G0PGAP,Nitipath Puangpaiboon,Thailand,,Active
G7Dank,Connor Luke,United States,Lazarus,Active
Gabe,Gabriel Stohlmeyer,United States,,Retired
Gabeismon,Gabe Brunelle,United States,,Retired
Gabonito,Gabriel,Chile,,Active
Gaijin,Thanakorn Mungkunkamsao,Thailand,WHIZ,Active
Galatorix,Marcus Hultner,Sweden,,Active
Gallardd,Elías Gallardo,Argentina,TENGAA,Active
Ganjo,Jonathan Gandasasmita,Indonesia,,Retired
GaRpY,Gareth Marshall,United Kingdom,Myztro Gaming,Retired
Gaskin,Dan Gaskin,United Kingdom,,Active
GathaN,Achmad Haris,Indonesia,,Retired
GatoK4,Darko Beltran,Chile,,Active
Gaxalies,Maxence Albaut,France,,Retired
Gazzma,,Australia,,Active
gdolphn,Martin Skrydstrup,Denmark,Dexterity,Active
geesh,Garrett Shearer,United States,,Retired
Gemasoft,Gerardo Martínez,Mexico,All Glory Gaming,Active
Genburten,Noyan Ozkose,Australia,Reignite,Active
Geniusx,,Thailand,Overclock Esport,Active
Genome,Kale Morton,Australia,,Active
Gentrifyinq,Rigo Padilla,United States,G2 Esports,Active
Gerovic12,Nils Bode,Germany,,Active
GGEZ_Deep,Jian-Chang Li,Taiwan,StinkyB,Active
Gigz,Connor White,United States,,Retired
Gildersons,Zachary Dennis,United States,Team Liquid,Active
Glahn,Alex Glahn,United States,,Retired
Glat,Nguyễn Hữu Nghĩa,Vietnam,,Retired
GlitterXplosion,Lauren Laracuente,United States,,Active
Gnaske,Casper Emil Præstensgaard,Denmark,GMT Esports,Active
Golden,,United States,,Active
Goldenboy,Alex Mendez,United States,,Unknown
GossEyee,Naphat Thongjitr,Thailand,,Retired
Graceful,Martin Wongphrom,Sweden,Kungarna,Active
Grego,Gregory McAllen,United States,,Retired
GregoM,Gregorio Martinez,Argentina,,Active
Grettsu,Jeremy Mackin,United States,,Retired
GrimReality,Christopher Schaefer,United States,,Retired
GsBird,Gavin Schmidt,United States,Lazarus,Active
Gsnkryu,,Japan,SBI e-Sports,Active
GueiGo,Kuan-Hsian Su,Taiwan,,Retired
GuGu,,China,MDY,Active
GuhRL,Laurice Habibi,Canada,,Active
Guifaria1,Guilherme Faria,Brazil,FusioN E-Sport,Active
Guinho,Thiago Cesar de Almeida Couto,Brazil,Skull Cracker,Active
Gutbuster,Caleb Womack,South Africa,NiBBLE Esports,Active
Gxnjy,Brenden Legg,United Kingdom,69iQ eSports,Active
H1yaA,Jeong Jae-hui,South Korea,,Retired
Hachikobtw,Nicholas Bennett,Denmark,,Retired
Hakis,John Håkansson,Sweden,Alliance,Active
HAL,Thomas Avallone,Italy,,Active
Halcyon,Juan Martín,Argentina,,Retired
Hambino,Cameron Cisco,United States,,Active
HammerDrill,,Japan,Fascination Colors Destroy,Active
hanabijaa,Peeranut Puntsming,Thailand,,Retired
Hardecki,Konstantin Kozlov,Russia,Gambit Esports,Active
Hardly,Keegan Dwyer,United States,SoaR,Retired
HaRu,,Japan,,Active
Hatsume,Suzune Okamura,Japan,,Active
Heeeiii,Jin-Long Guo,Indonesia,Primis Komanda,Active
Heegak,Yoon Hee-jong,South Korea,FOR7,Active
HELL,Aaron-Anton Jones,United Kingdom,Myztro Gaming,Retired
help,Matthew Stokes,United States,,Active
henReel,Henry Lee,Canada,,Retired
Hero,Brett Easton,United States,,Active
Hers,Judy,United States,Kungarna,Active
Hesiko,,Japan,Riddle,Active
Hestia,Cem Üstün,Turkey,Australis,Retired
heykatie,Jackson Taylor,Australia,,Retired
Hiarka,Filipe Morgado,Portugal,K1CK,Active
Hiarky,Chris Lovstad,Canada,,Active
hikaruFrench,,Japan,,Retired
hikuman,,Japan,SBI e-Sports,Active
Hill,Elijah Hill,United States,Torrent,Active
His,Andrew,United States,Kungarna,Active
Hisofu,Artem Frizov,Russia,Redragon,Active
HisWattson,Jacob McMillin,United States,,Active
Hodsic,Haris Hodzic,Bosnia and Herzegovina,Team Liquid,Active
Holliday,Jacob Sandrik,United States,RCO eSports Red,Active
holoac,,Japan,,Active
HoNoSuu,,Japan,,Active
Hoony,Choi Dae-hoon,South Korea,,Active
Horizxon,Younes Elkherrat,United Kingdom,Guild Esports,Active
Hotoke,Hotta Maxim Alexander,Japan,FENNEL,Active
HTPHarold,Jason Hebblewhite,United Kingdom,UNDERRATED,Active
hundredz,Patrick Kwon,United States,,Active
HusKers,Jordan Thomas,United States,NRG Esports,Retired
IAmDrakey,John Stillwell,United States,,Retired
ibuo,,Japan,,Active
IDG,Lee Dong-gi,South Korea,,Retired
idgaf,Idham Syah,Indonesia,,Active
Iguyyyyy,Thanapat Srimuang,Thailand,,Active
iiTzTimmy,Timmy An,United States,,Active
IKILLONLYNOOB,Choltakorn Phochinda,Thailand,,Active
Iko,Christer Ringelien,Norway,,Active
iM07A,Mohammed Bin Suwedan,Yemen,NASR Esports,Active
ImMadness,Ryan Schlieve,United States,Renegades,Active
iMoonDx,Benjamin Ignacio Ortega Cruces,Chile,,Active
ImperialHal,Phillip Dosen,United States,TSM,Active
ImpulsiveDream,Cody Couch,United States,Ghost Gaming,Active
inboxes,Reed Tucker,United States,,Retired
InFighT,,Japan,,Active
Inhuman,Brenden Thomas Hammond,United States,,Active
Inhumed,,United States,,Active
INPA,Lee Sung-tan,South Korea,,Retired
Instyle,Csaba Szever,Hungary,,Active
InvctuZ,Victor Martins,Brazil,,Active
IPirrus,Lucas Gabriel Salinas,Argentina,LeaveNoWitness,Active
iPN,Kha Nguyen,Norway,,Active
iShiny,Bryan McCarthy,United States,Complexity Gaming,Active
ISkyee,Paulo Albuquerque,Brazil,Flawless Gaming,Active
isnoul,Gabriel Ceregatto,Brazil,,Retired
izxys,Jitviwat Phatcharakan,Thailand,,Retired
jaazzaz,Jake Lock,United Kingdom,UNDERRATED,Active
JackCute,Chaiyarit Saijung,Thailand,,Active
Jacky1,,China,,Active
Jacuu,Jacek Woś,Poland,,Active
Jaguares,Alexis Martinez,Mexico,All Glory Gaming,Active
Jalapenin,Emilio Jimenez,Mexico,,Active
JamejyS,Kanin Choowong,Thailand,,Retired
Jamerson,James Lee,United States,,Active
JamesFearless,James Phelps,United States,,Active
Jamren,,China,MDY White,Active
Janey,Janey,Canada,TSM,Active
Japa,Vitor Martins,Brazil,,Active
Jaro,Joshua Green,Australia,,Active
Jay3,Christopher Pavloff,United States,,Retired
JayceeTower,Juan Cruz De La Torre,Argentina,LeaveNoWitness,Active
JayDTR,João Raposo,Portugal,,Retired
JazzJuric,Jarred Juric,South Africa,Elite Gaming,Active
Jboxx,Joshua Crone,Australia,,Active
JCA,Chunkit Lee,Hong Kong,AFTERMATH Gaming Taiwan,Active
JCS,Samuel Arthur Olsen,United States,,Active
jelliedcorn,Daniel Piechota,Poland,Vexed Gaming,Active
Jerppe,Jesper Koski,Finland,,Retired
Jewelman,,Japan,,Active
JHow,Josh Howard,United States,,Retired
JieLun,Tung-Wei Chuang,Taiwan,ANT Esports Club,Active
Jiepai,,China,Golden Sage,Active
JIGEN,,Japan,V3 VEGA,Active
Jinqs,João Vitor Pegos Tel,Brazil,,Active
Jkw,Joey Wavering,United States,,Retired
Jmw,Jake Walters,United Kingdom,Kungarna,Active
joeyblackout,Joey Smith,United States,Pittsburgh Knights,Active
Johnknacker,Dominik Schweizer,Germany,,Active
JokeeV2,Rudy De Lamorinière,France,Solaris,Active
Joker,,China,DNZ,Active
Jomacs,Jose Antonio Mar Coronel,Mexico,All Glory Gaming,Active
Jongie,Tzu-Cheng Chi,Taiwan,,Retired
Joop,Martin Bègue,Argentina,TENGAA,Active
jORI,Jori van den Heuvel,Netherlands,,Active
Jovenzão,Luigi Pugliessa,Brazil,,Active
JP2,Justin Pate,United States,,Retired
JSavageW,Johan Wilbrenninck,France,Totem Esports,Active
JuanKorea,Kim Bong-sang,South Korea,T1,Retired
Jubjibbib,,Thailand,BearClaw Gaming,Active
Julez,Andreas Fischer,Germany,Game of Drones,Active
Jump,Bil Carter,United States,,Unknown
JungHee,Park Jung-hee,South Korea,REJECT,Active
Jusna,Shin Yong-ju,South Korea,FOR7,Active
K1SeKi,Tsu-Yao Yu,Taiwan,,Active
k4shera,Francisco Alves,Portugal,Acend,Active
KaDyh,Julien Gachadoatt,France,,Retired
Kaizer,,Hong Kong,,Active
kAkektoN,Remi Leroux,France,,Active
kaloq,,Japan,Revolution in Esports Affairs,Active
KaLPiNG,,Japan,,Retired
Kamaneko,Hiroki Kimoto,Japan,GameWith,Active
Kanaka,Gabriel Weber,United States,,Active
kanata,,Japan,RxR Clover,Active
Kane,Mã Đại Kha,Vietnam,,Retired
kangakanga,Gustaf Leufstedt,Sweden,,Inactive
Kangmo,,South Korea,,Active
Karaaju,,Japan,GTS Art,Active
KaRma,Lim Chae-won,South Korea,Quintette Fortissimo,Active
KaronPe,Lee Min-hyuk,South Korea,esports team αD,Active
Kasellos,Kullen Hilderbrant,United States,,Active
kassssa,,China,MDY,Active
Kate Yeager,Kate Yeager,United States,,Active
Katten,,Argentina,,Retired
kawase,,Japan,Crazy Raccoon,Retired
kazakh_boi,Assanali Zhandildin,Kazakhstan,dead inside,Active
kazu,Petr Vočadlo,Czech Republic,,Retired
Keni,Kenan Colakovic,United States,XSET,Active
KenTunG,You-Hung Tung,Taiwan,ANT Esports Club,Active
Keoon,Keon Berghout,United States,,Active
Kerebere,Gapur Parizhev,Russia,,Retired
kewzy,Miguel Morgado,Portugal,,Retired
Khalef,Gabriel Teles,Brazil,,Active
Khronnos,Micael Ancelmo,Brazil,ElemenT E-sports,Active
Ki5tE,Wirachet Wiratthanaphan,Thailand,,Retired
KiingZ,João Sobral,Brazil,Xen,Active
Killoposz,Teerachock Muedin,Thailand,EXO Clan,Active
KIMCHILEE,James Lee,United States,Team Excedrin,Active
KIMCZU,Mikolaj Klimczyk,Poland,,Active
kinako,,Japan,Crazy Raccoon,Unknown
Kingg,,Australia,,Active
KingRichard,Richard Nelson,United States,NRG Esports,Retired
Kinnta,,Japan,,Active
Kisanss,Rizky Nugraha,Indonesia,NXL WOLFPACK,Active
Kissmyaug,Ian Carruccio,Argentina,,Retired
kiyo,Michał Bołtromiuk,Poland,,Retired
klache,Berkin Özer,Turkey,,Retired
kNd,Kenedy Oliveira,Brazil,,Active
Knitehawk,Khris Boyle,United States,,Retired
Knoqd,Logan Layou,United States,Cloud9,Active
Ko0416,Chi-Fung Ko,Hong Kong,,Retired
Ko0mbra,Håvard Lund,Norway,,Active
kolizeum,Victor Champoski,Brazil,,Active
Kontesti,Stanisław Janicki,Poland,,Active
Kontyan,,Japan,Radical Pop Gaming,Active
Kotigami,Jonathan Carlo,United States,,Active
KoToRi,,Japan,,Retired
Kouhia,Lauri Kouhi,Finland,,Active
kouhiraiwa,Kosuke Hiraiwa,Japan,,Active
Koyomi,,Japan,,Active
Kozay,Victor Törnbom,Sweden,,Active
Kr0noz,Álvaro Sebastián Bahamonde Betancur,Chile,,Retired
Kraftyy,Jesse Kraft,United States,Team SoloMid,Retired
Kralex,Hayat Bekzod Alex Ashurov,Turkey,ATK,Active
Krama,Dylan Catalano,France,AllPlanned,Active
Krapy,Liao Hsien-Ting,Taiwan,,Active
Kraulley,Bruno Martins,Brazil,Flawless Gaming,Active
KrEy,Kirill Buhanisty,Russia,nxblesse,Active
krezenn,Vadim Chernenkov,Russia,UpRising,Active
KrimNN-,Ariel Llanos,Argentina,,Active
Kripz,Umesh Kripalani,India,,Unknown
Kruhmmy,Edgar Figueroa,United States,start a fight eSports,Active
Kryp,Iván Cuesta Mendez,Spain,SUCCUBUS,Active
KSWINNIIE,Elwin Echeveria,France,69iQ eSports,Active
KTVSKY,Alexander Lyashkov,Russia,,Retired
Kuku,,China,LG,Active
Kurt,Kurtis Gallo,United States,,Retired
Kurtis,Kurtis Thom,Canada,,Retired
Kyaryneru,,Japan,ORTHROS,Active
kyoya,,Japan,Lag Gaming,Active
Kyraig,Kyle Craig,United States,,Retired
Kyrie,Tomás Ghilino,Argentina,,Retired
KzyyX,Sila Akepadcha,Thailand,grApe,Active
L1ng,Reichi Baba,Japan,Flora esports,Active
L8ef,,Japan,DeToNator,Retired
laggeRR,Corentin Sadoun,France,Solaris,Active
Lalab4ng,Nattakit Sukjaroen,Thailand,,Active
Lands,Dominik Zralý,Czech Republic,,Retired
Law,Dylan Martinez,Uruguay,,Retired
Lax,Elias Tannerfalk,Sweden,,Retired
Laxus,,Japan,,Active
Layn,Lane Carter,Canada,,Retired
LAZXR,Dennis Wadenfors,Sweden,,Active
LDraconiaN,Alperen Mehmet Özsoy,Turkey,Fenerbahçe Esports,Active
LEEYUN,,Japan,Northeption,Active
Legitlolly,Jordan Anthony Leigh Matthews,United Kingdom,Forg Gang,Active
Leia,,Japan,DeToNator,Retired
Lejetta,Kochi Naoto,Japan,Team UNITE,Active
Lelia,,Japan,,Active
Lemon,,Japan,ORTHROS FANG,Active
Lemona,,Japan,,Active
Leodeddz,Leo Nilsson,Sweden,,Retired
Leodkai,Leonardo Orfano,Argentina,Dood Esports,Active
Leogri3x6,Leonid Grishin,Russia,Gambit Esports,Active
Leon,Leon Ren,Australia,Chiefs Esports Club,Retired
LeoN,,Japan,ORTHROS FANG,Active
Lerabinou,Julien Verrier,France,Solaris,Active
Leviis,Aïssa Melih,France,Solaris,Unknown
lh0yd,Matias Aguirre,Argentina,,Retired
liemek,Iwo Tylus,Poland,,Active
Lifted,Isiaih Slowik,United States,,Retired
Linz,Lindsey Kingrey,United States,,Active
LionFYD,Atanas Dimitrov,United States,Team Pop-Tarts,Active
Liphnn,Aiden Young,United Kingdom,Phoenix Legacy,Active
LittleArif,Aiman Arif,Malaysia,Primis Komanda,Active
LLEVA,,Japan,,Retired
Logicly,Garrett Bowman,United States,,Retired
Lone,Tiaan Bezuidenhout,South Africa,,Active
Loopy,Levi Arnett,United States,,Active
Losido,Cole Garrett Stewart,United States,,Retired
LosJin,No Sol,South Korea,esports team αD,Active
lou,Trenton Clements,United States,Sentinels,Active
LowKey,Liam,Australia,,Active
Lowley,Philip Olsen,Denmark,,Retired
Luatyan,,Japan,,Active
LuluLuvely,Lindsey,United States,NRG,Active
Lumiii_N,Vladislav Dotsenko,Russia,DungeonMast33rs,Active
Lunnasy,Victor Manuel Cortez Varas,Chile,,Active
LuQi,Lucas Rodrigues,Brazil,,Active
Lusquinn,Lucas Pontes Pinheiro,Brazil,Fênix Team,Active
Lusy,,Japan,,Active
Lutziana,,Canada,,Active
Luxford,Daniel Castellano,United States,,Active
Lxrss,Lars Goossens,Netherlands,,Active
LyndonFPS,Lyndon Lauder,Canada,,Retired
lyric,Lyric Quinonez,United States,eUnited,Retired
M0,Mohammad Almahallawi,Saudi Arabia,NASR Esports,Active
M4KKUR0,Marco Perrone,Italy,Mutariuum,Active
Madillerr,,Japan,,Retired
MaestroJefe,Hugo Joquin Bavastro,Argentina,Nocturns Gaming,Active
maff,Jo Yong-jun,South Korea,,Active
Magpie,,Japan,,Active
Mainy,Kang Hyeon-jun,South Korea,Flora esports,Active
Maliwan,Alexey Rusinov,Russia,Team Empire,Active
Mamba,Sebastien Cabrera,United States,Counter Logic Gaming,Active
Mande,Mikkel Halle Hestbek,Denmark,SCARZ EU,Active
ManDi,Park Jae-geun,South Korea,REJECT,Active
Mange,Alberto Mangeruga,Argentina,,Active
Marreta,Thiago Martins,Brazil,,Active
Masanori,,Japan,,Active
Mask,Roger Boni,Italy,Morning Stars,Active
MaTaFe,Matej Fekonja,Slovenia,Guild Esports,Active
Mate,,Japan,,Retired
Matrixx,Iljas Amagow,Austria,,Retired
MatsuTasu,Keita Matsura,Japan,GameWith,Active
MattPickett,Matt Pickett,United Kingdom,start a fight eSports,Active
Maveriick,Julián Alfaro,Chile,,Active
Max-Strafe,Maksym Stadniuk,Ukraine,GMT Esports,Active
maydeelol,Rasmus Zettergren,Sweden,Kungarna,Active
MayN,Alexander Muhin,Russia,,Retired
mazida,Cory Sobon,United States,,Active
Meerko,Ryan Amato,United States,,Retired
Melocrit,Josue Velasco,United States,,Active
Meltcats,,Japan,,Active
Meltstera,Takamasa Kawai,Japan,GameWith,Active
Mendo,Lucas Håkansson,Sweden,Team Liquid,Retired
mercyonlyy,Josh Hanko,United States,Elev8 Entertainment,Active
MessiaH,,United States,,Active
Metro,Gabe Matthews,United States,Ghost Gaming,Active
MeXiouSx,Zidan Syahada,Indonesia,WEAREGODGAMERS,Active
Mezzenger,Jens Pettersson,Sweden,,Retired
Micah,Micah Haley,United States,,Retired
MicroFiberz,Hamoud Hajoos,Saudi Arabia,Flying Camels,Active
Midnight,Mike Ryan,United States,,Retired
Midnightson,Chay Chavez,United States,,Active
Mig_99,Miguel Angel Medina JR,United States,,Retired
miGGzy,,New Zealand,,Active
Mikage Yamato,Yamato Mikage,Japan,,Active
Mike,Leonel Ezequiel Diaz Alvarez,Argentina,Dood Esports,Active
Miken,Michael Turský,Czech Republic,,Retired
Mimu,Sebastian Vesala,Finland,Horizon Union,Active
Minds,Nattaphat Yammeng,Thailand,,Retired
MingYUE,,China,,Active
Mini,Jacob Bocanegra,United States,smile,Active
Minseong,Jung Min-seong,South Korea,REJECT,Active
Mirage,Tzu-Hsun Yang,Taiwan,,Retired
MiraTongue,,Japan,United Crew γ,Active
Misanthropy,Jovan Arfi Ramadhan,Indonesia,WEAREGODGAMERS,Active
MISTERARTHER,Artur Swerhun,Germany,,Active
Mistral,Luchoomun,France,,Active
Mithrain,Cem Karakoç,Turkey,,Retired
mlcak,Petr Lache,Czech Republic,,Retired
mo-mon,Oshima Yuta,Japan,FENNEL,Active
MoePork,Ethan Fish,United States,,Retired
mofferz,Eric Gleisner,Sweden,,Retired
Mohr,Marshall Mohr,United States,NRG Esports,Retired
Mondo,Na Dong-hoon,South Korea,Crazy Raccoon,Retired
Moni,Mitch Michalak,United States,,Active
Monsoon,Bowen Fuller,United States,Complexity Gaming,Active
Moohnee,Antonio V. Tello,United States,Team Intel,Active
MOOMAN,Jason Patterson,United States,,Retired
moose,Taylor Adams,United States,,Active
Moothie,Yoo Seung-Woo,South Korea,,Retired
Moro,,Japan,,Active
mosu,Supakorn Kaewpang,Thailand,ATHXHVY,Active
Mox600,Ruggero Mossenta,Italy,Morning Stars,Active
Mpé,Matthieu Pereira,France,AllPlanned,Active
MrAmi0,Muhammad Helmi bin Ruzaili,Malaysia,Perangai Esport,Retired
MrGreekGod,Athanasios Alestas,United States,Charlotte Phoenix,Active
mrhackulo,Josh Nguyen,United States,,Active
MrLCat,Laurynas Kautaskis,Lithuania,,Retired
MrTabu,Oğuz Yedikardeş,Turkey,1907 Fenerbahçe Esports,Active
msh,Stanislav Belov,Russia,,Retired
Muffins,Christopher Lee McCarthy,United States,,Active
mugiwara,Luca Meloni,Italy,Team Huskies Esports,Active
muhhn,Adam Mooney,Ireland,Vexed Gaming,Active
Mukai,Masaki Mukai,Japan,DeToNator,Retired
MUSCLE,,Japan,,Active
Musen,Octavio Lopez,United States,,Active
N0_CL1CK,Luis Gonzaga,Brazil,BreakingRulleZ,Active
N1KOLA,Nikola Svensson,Sweden,,Retired
N22JB,,Japan,,Active
N3LAS,Leandro Domingos Francisco,Brazil,Elevate,Active
nadeZZ,Joseph Lax,United States,Optimal Ambition,Active
Nafen,Nathan Nguyen,United States,NRG,Active
Naghz,Ali Naghawi,United Kingdom,69iQ eSports,Active
Nai,Abdullah Moustafa,Egypt,,Active
Nakahiro,Hiroki Nakayama,Japan,,Retired
Nan2,,Peru,,Active
Nand2o3,Nando Varriale,United States,RCO eSports Red,Active
NanoFRYS,Esteban Gomez,United States,Counter Logic Gaming,Active
naohiro21,,Japan,Riddle,Active
NaoriMizuki,Samantha Timms,South Africa,HSL Esports,Unknown
Narukami,Nick Howard,Canada,,Retired
Nasticle,Max Clelan,United States,,Retired
Nathanias,Nathan Lawrence Fabrikant,United States,,Active
Natsuu,Nicollas de Lima Roque,Brazil,,Active
NegMegs,,Japan,,Retired
nego1,Emerson,Brazil,,Active
Neokox,Pedro Wevar,Chile,,Active
Nesh,Herman Kobrin,Germany,,Active
Nestea,Bao-Yuan Hsu,Taiwan,,Retired
NexX,Dominik Scheerer,Germany,,Active
Nialling,Niall Keegan Ingram,South Africa,White Rabbit Gaming,Active
NiceWigg,Jack Martin,United States,100 Thieves,Active
NieBao,Yu-Lun Nieh,Taiwan,,Retired
Night,Daniel,Australia,,Retired
nightyz,Rui Silva,Portugal,,Active
Nikolarn,Nikola Aničić,Serbia,Team Singularity,Retired
ninexT,Nino Pavolini,Brazil,,Retired
NIRU,,Japan,,Active
Nisa,Federico Portolani,Italy,Morning Stars,Active
NiteNite,Daniel Caicedo Alvarez,Venezuela,LeaveNoWitness,Active
nitrahh,Adam Blombacke,Sweden,,Active
Niubie,,Taiwan,Welcome,Active
NLaaeR,Ilya Koppalov,Russia,,Retired
NMEgo,Jacobo Ríos,Mexico,,Active
Nocturn,Mikhael Kevin Lubis,Indonesia,,Active
NoI3a,,Japan,,Retired
Noiises,Cameron Walker,United Kingdom,Invictus Gaming International,Active
Noiz,Uri Takahashi,Japan,,Retired
Nokokopuffs,Christian Feliciano,United States,TSM,Active
Noobles,Josh,Australia,,Retired
nOOK,Joshua Nice,United Kingdom,,Retired
noted,Vinícius Mancinni,Brazil,,Retired
Noth,Alexander Selfwin,Sweden,Rebel,Active
Nottin,Noto Yasuhito,Japan,,Active
Novak,Valter Pires da Costa Junior,Brazil,Skull Cracker,Active
Noxious,,Australia,,Active
Nozwer,Agustin Ibarra,Argentina,,Retired
NutsuruSama,Pat Saejew,Thailand,ATHXHVY,Active
Oatto,Weeraphon Suaroj,Thailand,,Retired
Obly,Lim Jung-hyun,South Korea,esports team αD,Active
obo,,Japan,ZETA DIVISION,Active
oDangoDang,James Han,United States,,Retired
OddFluffy,Melvin Johansson,Sweden,,Active
OddFreestyle,,United States,,Active
odevil,,Japan,Servelal,Retired
oh Nocturnal,Brandon Singer,United States,Team Liquid,Active
ohaaiii,Riley Nguyen,United States,,Retired
oisenpai,Irvin Eflego Jaramillo,United States,,Active
ojrein,Svyatoslav Korochinsky,Russia,K1CK,Active
okame,,Japan,,Retired
Okie,Phudit Suthanyaphruet,Thailand,,Active
OLDIS,Danila Chechnev,Germany,,Active
Olsior,Mykhailo Zvieriev,Ukraine,,Active
omega,Andrea Carducci,Italy,Totem Esports,Retired
OMM,Osmar de Matos Marques Filho,Brazil,,Active
OnisoaZ,Sergey Mischenkov,Russia,,Active
Onmuu,Brendan Pode,United States,100 Thieves,Active
OnRogue,Chia In Long,Malaysia,,Retired
onscreen,Craig Shannon,United Kingdom,,Retired
Onset,Mark Hatcher,United Kingdom,,Active
oraxe,Matthieu Ribiere,France,,Active
Osnazeni,Ivan Markeljic,France,,Active
Otogi,Sawazaki Hirotaka,Japan,FENNEL,Active
ottr,Otto Boström,Sweden,,Active
Overpowered,Timothy Liang,United States,,Retired
OWO,,Taiwan,StinkyB,Active
Oxbow,Oisin O'Brien,Ireland,,Active
OxyAres,Jake Nofchissey,United States,eRa Eternity,Active
Oziko,,Japan,Northeption,Active
P1NKI,,Japan,,Retired
P1NNGA,Rodrigo Castanho,Brazil,Blackhat Esports,Active
Pachi,,Japan,,Active
Pacl,Nikita Paklinskii,Russia,,Retired
Padiwan,Radwan Yahya,United States,,Retired
Pandxrz,Scott Maynard,United States,FURIA Esports,Active
PANIC,Jose Fernandez,Argentina,LeaveNoWitness,Active
Pannys,Pasavit Svasti-Xuto,Thailand,,Retired
Pantashia,Futo Minami,Japan,,Retired
Paradox,Jamie Hall,United Kingdom,,Retired
ParallaxStella,Stella Chung,United States,,Unknown
Park,Park Yu-hyeon,South Korea,,Active
Parkha,Oh-Jeong-teak,South Korea,esports team αD,Active
Parks,Shane Parker,Canada,,Active
PatEmre,Kerim Emre Akkaya,Turkey,,Retired
Pawsanss,Risaldi Adil,Indonesia,,Retired
Payne,Morgan Redfield Jr.,United States,,Retired
PDS,Guilherme Pullin,Brazil,,Active
peesh,Peyton Schutz,United States,,Active
Penso,Phạm Thịnh Trung Tín,Vietnam,,Retired
Persia,Yang Zi-on,South Korea,,Retired
Pettyboss,Peter Archer,United States,Team Intel,Active
Petwirez,Eros Mazzara,Italy,,Active
pfitter,Devon Self,United States,Lazarus,Active
phantasy,Mark Pinney,United Kingdom,,Retired
phods,Philip Lundius,Sweden,,Active
Phony,Josue Daniel Ruiz,United States,Team VIZIO,Active
Pinky,,Japan,Sengoku Gaming,Active
PinkyFinkyTinky,Umut Zeytünlü,Turkey,Fenerbahçe Esports,Active
PinOcChiOs,Teerasak Kedaim,Thailand,,Retired
PinoNolR,,Japan,LEDIAN MAGICAL,Active
Pinotr,Tsurumaki Miki,Japan,FENNEL,Active
pistachio,Christian Turner,United Kingdom,,Retired
Pistillo,Steven Rojas,Mexico,Estral Esports,Inactive
Pite,,China,DreamFire,Active
Piwd,Davi Correa,Brazil,Flawless Gaming,Active
Pjeh,Martin Heggøy Aamyri,Norway,Rebel,Active
pkmk,Artem Nechaev,Russia,Redragon,Active
PlayerK,Ethan Foo,Australia,,Active
Plomme,Steinar Solli,Norway,,Active
PlushkaHDD,Rostislav Yuryevich Chertovskikh,Russia,DungeonMast33rs,Active
Poachy,Erikas Kiudys,Lithuania,,Active
Pokamafu,,Japan,,Active
pOkiz,Vinicius Zanquetta Costa,Brazil,,Active
Pomelo,Su Jia-Yi,China,,Retired
Poro,Suk Nam-woo,South Korea,,Retired
PostKiLL,Rafael da Silva Jesus,Portugal,Acend,Active
Potqtq,,Japan,SBI e-Sports,Active
POW3R,Giorgio Calandrelli,Italy,Fnatic,Retired
PowPow,Christian Blaylock,United States,Renegades,Active
PP,,China,DNZ,Active
Preslyy,Preston Stinson,United States,Elev8 Entertainment,Active
ProdigyAces,Jose Soto,United States,Team Superior,Active
Promo_z,Damien Starovoyt,United States,,Active
Prote,Alejo Nahuel Garcia,Argentina,,Active
Protectful,Douglas Roberts,United States,Oxygen Esports,Active
PRV,Perycles Ryan,Brazil,,Active
Prycyy,Dylan Price,Australia,Team Burger,Active
Psycle,Daniel Jesus,Portugal,,Retired
Psykho,Anthony Vicente,United States,Totem Esports,Active
Puleule,Nahuel Pulella,Argentina,,Retired
PVPX,Jamison Moore,United States,Cloud9,Active
PyaN,,Japan,,Active
pyradice,Tobias Hellesvik,Norway,,Active
QHorm,Chen Yi-Qi,China,,Retired
qKobyy,William Vernhet,France,Hexagon,Active
QTSati,Manuel Ramos Sanchez,Belgium,,Active
QUERNI,Patryk Zagumny,Poland,T-Rex,Active
Quinha,Lucas Vinícius Bueno Santos,Brazil,,Active
R1stom,Roman Istomin,Russia,,Active
r3flex,Aiman Hakim,Malaysia,MBT.NAGA,Active
Radek,Radek Pozler,Czech Republic,,Retired
Raiden,Maksim Babushkin,Russia,,Retired
Raitchi,,Japan,BEXT e-Sports,Active
Rakiiii,Lachie Bruke,Australia,,Active
Rakkinishu,Mason Gursin,United States,Ghost Gaming,Active
RamBeau,Beau Sheidy,United States,Torrent,Active
Ran,Chen Bo-Ran,China,,Retired
RANCHES,Kirill Rulin,Russia,Team Empire,Active
Rapi,,Japan,,Active
RapidFire,Min-Chi Chung,Taiwan,,Retired
Ras,Song Hong-gyun,South Korea,Crazy Raccoon,Active
raven,,United States,,Active
Raygh,,Japan,Pro Gaming team Selector,Active
Raygo,Kirill Ohapkin,Russia,,Active
Raynday,Evan Byron Rayn,United States,,Active
Readdin,Herman Reithaug,Norway,,Active
Reco,James Glasson,Australia,EXO Clan,Active
Recry,Jung Taek-hyun,South Korea,D4RK Esports,Active
Reflections,Taylor Noble,United States,,Active
Renazera,Gaston Renato Fernandez,Argentina,LeaveNoWitness,Active
Reps,Jordan Wolfe,United States,TSM,Active
Reptar,Ryan Boyd,United States,Complexity Gaming,Active
Resookie,Jeff Voss,United States,,Active
Restya,Ren-Hong Wang,Taiwan,,Active
Resultuh,Jordan Resulta,United States,G2 Esports,Active
rette,Aaro Hälli,Finland,,Active
retzi,Nathan Telen,United States,,Retired
Rex,,Taiwan,,Active
reyn,Reyn Seki,United States,,Retired
Reyzyyy,,Japan,Fascination Colors Destroy,Active
Rhythm,João Victor,Brazil,,Active
RianNF,Florian Schmidt,Germany,,Active
Ricoysuavecito,Sebastian Kosmach,Argentina,,Active
RIZE,,Japan,,Active
Rkn,Cole Prommel,United States,Torrent,Active
robbeN,Geoffrey C.,France,,Active
rocker,Aidan Grodin,United States,NRG,Active
RockStarx1,James Grieve,United States,,Active
Rogerboger,Rogier Jongen,Netherlands,,Retired
Rogue,Tanner Trebb,Canada,NRG,Active
Roieee,Po-Han Chen,Taiwan,K7 Esports,Active
Rolders,Adam Harrold,United States,,Active
Ronba,Roni Raikko,Finland,,Retired
rondon,Adam Hodoši,Slovakia,Game of Drones,Active
RONN1E,Ronnie Monsevias,United States,Atlanta Premier,Active
roots,Tim Roots,Australia,,Active
Rossoful,,Japan,TEQWING,Active
row,Romain Daly,France,Forg Gang,Active
RoZx,Roszaidi,Malaysia,Perangai Gaming,Retired
rpr,Dan Ušić,Croatia,SCARZ EU,Active
Ru,,Japan,Take It Easy,Active
Ruabbe,Roope Kurkela,Finland,Horizon Union,Active
Rudenayyyyy,Naythame Nguyen,Australia,,Active
Rui,,Taiwan,ANT Esports Club,Active
Rumad,,Japan,SCARZ White,Retired
Rynex,Leonardo Felipe,Brazil,BreakingRulleZ,Active
Ryot,Troy Reed,United States,,Retired
S16oz,Jaden Pettigrew,United States,,Retired
S2HR,Saher Kurdi,Saudi Arabia,Osh-Tekk Warriors,Active
SA,,China,DNZ,Active
SabroNN,Hüseyin Demir,Turkey,,Retired
Sabz,Kornelia Zawistowska,Poland,Phoenix Legacy,Active
Sadyama,Artur Karamov,Russia,,Active
sAgiiV2,Kerem Açikel,Turkey,Lava City Boys,Active
SAIBER,Tanaphan Wattanaphan,Thailand,Inside The Ring,Active
SaiyajinGOD,Kantapat Tangteekarak,Thailand,ATHXHVY,Active
Sakamoto,,Japan,,Active
saku,Shotaro Sakata,Japan,Team UNITE,Active
Salvatorez,Fajar Rofianto,Indonesia,Method2Madness,Active
Samaeeel,Athoriq Hamzah,Indonesia,,Retired
sano874,Kazumoto Sano,Japan,Donuts Unsold Stuff Gaming,Active
Sanya,Oleksander Bokuchava,Ukraine,Natus Vincere,Active
Sapoten,,Japan,Donuts USG,Retired
Sardis,Miroslav Hájek,Czech Republic,,Retired
satuki,,Japan,United Crew γ,Active
Sauceror,Jason Li,United States,Renegades,Active
savINSANO,,Brazil,,Active
SaviourHeavier,Zavier Ng,Singapore,,Active
Sc1ss0rs,Ryan Luong,United States,Team VIZIO,Active
Scannor,Castiel Rodriguez,Colombia,,Active
Scare,Keegan Van Vuren,South Africa,,Retired
scuwry,Alex Scala,Canada,100 Thieves,Active
Seaf,,Japan,,Retired
SeaLL,Riccardo Giacalone,Italy,Team Huskies Esports,Active
Secul0,Luis Miguel,Brazil,,Active
Selly,An Jeong-hwan,South Korea,Crazy Raccoon,Active
Senapoppo,,Japan,AVALON Gaming,Active
senoxe,Adam Lau,Canada,Sentinels,Active
Senvelse,Denis Podan,Russia,FIGVAM,Active
Senzeeh,Joshy Djotaroeno,Netherlands,,Active
Senzz,Marcos Cunha,Portugal,Acend,Active
Sepz,Serena Capó,Brazil,,Active
sErox,Patrick Pollap,Germany,,Retired
Seven ik,Danny Kraus,United States,,Retired
Sgong,Oh Dong-wah,South Korea,,Active
SH1NYA,,Japan,,Active
Shadez,Jakob Anderz Palmgren,Sweden,Clique Esports,Active
ShadowCat,Abdullah Hassan Al Talhi,Saudi Arabia,25 Esports,Active
ShadowZS,Nikolay Ivanov,Russia,UpRising,Active
Shakabo,,Japan,FENNEL,Active
Shake,Yu Jin-hyeong,South Korea,,Retired
Sharky,Rick Wirth,Australia,Team Burger,Active
Sherry,,Japan,,Active
Shex,Federico Trevisan,Italy,Outplayed,Active
ShibuyaHAL,Shibuya Hal,Japan,Knot Not Rank,Retired
Shikaa,Nicolas Agurto,Argentina,,Active
shineZ,Benjamin Brkic,Bosnia and Herzegovina,,Retired
Shirayuki Reid,白雪 レイド,Japan,Neo-Porte,Unknown
ShivFPS,Shivam Patel,United Kingdom,Luminosity Gaming,Active
shoh,Takita Shota,Japan,,Retired
Shohei Taguchi,田口尚平,Japan,UUUM,Active
shomaru,,Japan,REJECT,Retired
ShRP,Dennis Fratantonio,Italy,Totem Esports,Active
Shuhei Yamato,Shuhei Yamato,Japan,,Active
ShunMi,,Japan,Flora esports,Active
Shurae,,South Korea,,Retired
Shurimawizard,Nhan Le,Vietnam,,Retired
Shusty,,Thailand,,Active
Shy,Jamie Duell,United Kingdom,,Retired
ShynkChan,,Japan,ALViViD,Active
Sickks,Tyler Clifton Clark,United States,Ghost Gaming,Active
Siebakk,Dominik Szałapski,Poland,,Retired
sigluss,,Japan,Fascination Colors Destroy,Active
siigN,Per Stian Venås,Norway,,Retired
silkthread,Ted Z Wang,United States,,Retired
Silta,Juho Sillanpää,Finland,Guild Esports,Active
Silver Sky,Farrel Khezia Ramanda,Indonesia,,Retired
Sineska,,Germany,69iQ eSports,Active
SirDel,Matthew Biggins,United Kingdom,GMT Esports,Active
SirLifty,Braden Wells,United States,,Active
Siukun,,Japan,,Active
SiveN,Gianluigi Sassano,Italy,Rascals,Active
skaluh,Agustín Aiello,Argentina,LeaveNoWitness 2,Active
Skannella,Federico Raffaeli Albo,Italy,,Active
SkittleCakes,William August,United States,Esports Arena,Active
SkrrttSkrttt,Ethan Koong,Australia,,Active
Skurul,Alexander Vincent Philip Mittelsteiner,Austria,,Retired
Skym,,Japan,Nowhere Now Here,Active
Slayers,Joe Byrne,United Kingdom,69iQ eSports,Active
SleeeP,Pedro Henrique,Brazil,Elevate,Active
SleepyPanda,Devihn Lindsey,United States,RCO eSports,Active
Slempy,Nikita Makogon,Estonia,,Active
slimer,Dmitry Shaposhnikov,Belarus,,Retired
SlurpeeG,,United States,,Active
SMAX,Rattanarak Kohkaklang,Thailand,,Retired
SMEGGYTOE,Benjamin Stringer,United Kingdom,,Retired
Smythj,Jame Markus Tapani Trygg,Finland,Lazarus,Active
SneakyMonkey,Devin Nelson,United States,,Active
Snip3down,Eric Wrona,United States,,Retired
snookenn,Ilya Lagutin,Russia,,Active
snoupii,Max Decker,United States,,Active
Snoxf,Danuwat Thabthongdi,Thailand,,Retired
So0me1ne,Ewen Xiong,France,,Retired
Solve,Kyle Concienne,United States,Elev8 Entertainment,Active
SonGokuJ5,Cláudio Marassi,Brazil,Paradox Esports,Active
SonicTheLedgePog,Chris,Australia,,Active
Sonii,Michael Sherman,United States,T1,Retired
Souta,Bruno Souta Terencio,Brazil,Digital Gaming,Active
SpaceBud,Lucas Basilis,France,,Retired
Speedhack,Sean Schuler,United States,,Retired
Spica,,Japan,SchwarzerLand,Active
Spirit,Adam Wells,United States,,Retired
SPK,Shunsuke Ito,Japan,RIG North,Active
Splash,,Japan,,Inactive
Spongeetl,Michi Rouse,Mexico,,Active
SSLCK,Jim Anderson,United States,,Active
Stalizy,Jackes Cardoso,Brazil,Xen,Active
stanjke,Stanislav Ostapushchenko,Ukraine,,Active
Stanyyy,Mikhail Nikolaev,Russia,Magicians,Active
StarWraith,Rodolfo Martin,Spain,,Retired
StayNaughty,Paris Gouzoulis,United States,Cloud9,Active
STEEEAL,Yashima Kohei,Japan,,Retired
stermy,Alessandro Avallone,Italy,,Retired
Stink,Charles Stephens,United States,Charlotte Phoenix,Active
Stompez,Seth Burress,United States,Dexterity,Active
stormen,Ludvig Storm,Sweden,,Active
StrafingFlame,,Indonesia,Primis Komanda,Active
strafy,Alessio Menzano,Italy,,Retired
Streamiii,Loris Bilardi,Italy,,Active
Stressado,Felipe Melo,Brazil,Paradox Esports,Active
Stroke,Nicola Gravina,Italy,HIGHSCORE,Active
Stuhni,Marco Paramo,United States,,Active
Sty1e,Goo Gyo-ik,South Korea,,Active
StyleS,Jonas Jensen,Denmark,,Active
SudetakiN,,Japan,ZETA DIVISION,Retired
Suezw,,Japan,,Active
Summer,Jake,United States,Counter Logic Gaming,Active
Sunday,Kim Min-soo,South Korea,Crazy Raccoon,Active
Sung,Tommy Nguyen,China,Dexterity,Active
SUNSERIES,Worapon Kamonwarin,Thailand,,Active
Sunset,Danila Soloviov,Russia,ZETA DIVISION,Active
SunWoo,,South Korea,,Active
SurpriZee,Wahyu Nugroho,Indonesia,GOB Akademi Rumah Herbet,Active
suwagh,Lucas Gonçalves Mendes Dias,Brazil,,Active
Sven,,China,Meteor,Active
SWAGLOPE,Ismael Sanz Bejerano,Spain,,Retired
sweetdreams,Christopher Sexton,United States,NRG,Active
Sweezy,Honza Kulich,Czech Republic,,Retired
sYnceD,Timothy Putrow,United States,Built By Gamers,Active
SynchroRios,Teenart Khamkorn,Thailand,Overclock Esport,Active
Szalami1,János László Hunyadi,Hungary,,Active
t23tatsu,,Japan,V3 VEGA,Active
t3nshy,Luke Webber,South Africa,NiBBLE Esports,Active
Taesik,Ji Yong-jun,South Korea,,Retired
Taisheen,Can Öztürk,Germany,SCARZ EU,Active
Takkayan,,Indonesia,,Active
TannerSlays,Tanner Roach,United States,,Active
Tantan,,Japan,,Active
TANX,Pornpawit Suntornsong,Thailand,,Retired
Tararelux,,Japan,Good 8 Squad,Retired
Tari3,,Japan,Lag Gaming,Active
taskmast33r,Lev Grigoriev,Russia,ZETA DIVISION,Active
Taxi,Svend-Erik Høegh,Denmark,,Active
Taylor,Johan Taylor,Sweden,Rebel,Active
TayluSs,Juan Barraza,Mexico,,Active
TayS,Ilya Taishyn,Belarus,,Retired
Tchoviss,Daniel Campos Tavares Gomes,Brazil,,Active
TechedCandy,Cambrian Antrillo,United States,eRa Eternity,Active
Teenage,Justin Phipps,United States,,Active
Tempest,Noah Donahue,United States,Built By Gamers,Active
Tempplex,Titinan Chansap,Thailand,Reignite,Active
TenoriN,,Japan,ORTHROS FANG,Active
TeQ,Will Starck,United States,FURIA Esports,Active
Tethy,,Japan,Pro Gaming team Selector,Active
TGB,António Martins,Portugal,,Active
THaless,Thales Teixeira Rodrigues,Brazil,Flawless Gaming,Active
Thanks4Dying,Nathan Bernard,United States,,Retired
theb1gone,Federico Fantozzi,Italy,,Retired
thebaku,Dawid Bak,Poland,,Retired
theesaar,Matheus Cabral Sartorio,Brazil,Pirate Dream Esports,Active
ThendoPlays,Thendo Mukhavhuli,South Africa,DNMK Esports,Active
ThePr0,Earving Alberto,Mexico,All Glory Gaming,Active
TheTerroday,Axel Flocco,Argentina,,Active
thex,Simon Hald,Denmark,,Active
Thief,,South Korea,Quintette Fortissimo,Active
THump,Taylor Humphries,United States,Oath Gaming,Retired
tkmEND,,Japan,,Active
Tom,Tom Bull,United Kingdom,Transatlantic Gaming,Active
tomorow,,Japan,Radical Pop Gaming,Active
Tonpi?,Tomohiro Fukuoka,Japan,,Active
Tosh1,,Japan,LEDIAN MAGICAL,Active
ToxikeN,Joshua Campos,Spain,,Retired
Trabz,Fabrizzio Ramos Amador,Peru,,Active
Trent,Brendan Ward,Australia,Perihelion,Retired
Trevv,Trevor Moye,United States,Lazarus,Retired
Trinal,Jose Santos,Dominican Republic,Exolved Esports NA,Active
Trumanjar,Sebastián Guzman,Chile,,Active
TsaiG,Wen-Hao Yang,Taiwan,AFTERMATH Gaming Taiwan,Active
Tsquared,Tom Taylor,United States,,Active
Tsubaki,,Japan,,Active
TTXTR,Abdullah,Saudi Arabia,,Active
tur0gh-,Jansen Tosi Siqueira,Brazil,,Active
turnzz,Jordan McClelland,United States,Team Nestle,Active
twenty,Jordan Bouah,South Africa,,Active
Twizy,Juan Jody Tubil,Indonesia,NXL WOLFPACK,Active
tycoonyx,Max Schrink,Germany,,Active
Tyler,Tyler Wood,United Kingdom,Mutariuum,Active
UltimateNoob,Matthew Bryan Desouza,India,,Retired
UmichanLoveti,,Japan,United Crew γ,Active
undRcL,Nicolas Avendaño Zavala,Chile,,Active
Unlimited,Peeranath Paraprom,Thailand,Dynamite,Active
unlucky,Andre Türk,Austria,Mutariuum,Active
Unnin,Eugenio Gonzalez,United States,,Active
UpSushi,Mauricio,Mexico,,Active
Urban,Jonathon Boland,Canada,,Retired
uruca,,Japan,Crazy Raccoon,Retired
Uxako,Jose Domingo Llosa Mesías,Spain,K1CK,Active
uzagiii,,Japan,Revolution in Esports Affairs,Active
Vaifs,Simon Bellini,Sweden,Alliance,Active
Varayn,Tolga Çınar,Turkey,,Active
Vatroh,William Fickett,United States,Counter Logic Gaming,Active
Vaxlon,Alan Gonzalez,United States,100 Thieves,Active
Vein,Nicholas Hobbs,United States,XSET,Active
Veineless,Marcel Lehmann,Germany,,Retired
Verhulst,Evan Verhulst,United States,TSM,Active
Vetita,Chad Schuster,United States,,Retired
viazUU,Michele Marais,South Africa,DNMK Esports,Active
Vic,Victor Elliot Enqvist,Sweden,Clique Esports,Active
VickyPalami,Vicky Palami,Mexico,Complexity Gaming,Active
Viizay,Dylan Braund,United States,Lazarus,Active
VikkiKitty,Victoria Perez,United States,,Active
Viness,Nguyễn Trung Tín,Vietnam,,Retired
ViNiM,Vincent Cappetto,United States,,Retired
Virtual Gorilla,,Japan,Knot Not Rank,Active
Viss,Colton Visser,United States,Team SoloMid,Active
Vital,Nicholas R. Turner,United States,,Retired
VJEIX,Ameer Hassan,Iraq,Acend,Active
VlaDéDé,Romain Mieudonnet,France,,Retired
Voltic,Justin Maunz,United States,,Active
Vorikx,Darius Davis,United States,,Retired
vsnz,Sean Garcia,United States,Team SoloMid,Active
Vuzby,Kaylib Moore,Canada,,Active
Vyolent,Brian Matos,United States,Rise Nation,Retired
w1nter,Kei-Jeun Lee,Hong Kong,,Retired
WaaaaiWaaaai,Igor Leonov,Russia,,Active
WACKO,Jack Middleton,United Kingdom,,Retired
wave,Davis Barone,United States,Dexterity,Active
WeakQ,Vladislav Suslov,Russia,SPIRAL Team,Active
WEku,Verneri Siren,Finland,,Retired
Wen,Zhang Hong-Qiang,China,,Retired
WenXx,,China,April,Active
WeThePeople1,,United States,Absolute Monarchy,Active
WhysoFriendly,Jacques Schalkwyk,South Africa,,Active
WiKeD,Matthew Robertson,United States,Built By Gamers,Active
Willemkh,Antonio Gerard Willem Kleijn Hesselink,Italy,Outplayed,Active
WILLSTARZ,Taha Güven,Turkey,,Retired
Winghaven,Sergi Torras Aragonés,Spain,,Retired
Winner,Oh Han-gyel,South Korea,,Active
WisdoM,,Japan,TEQWING,Active
wLny,Dominik Wollny,Germany,,Retired
Wokka,Yudai Ichise,Japan,Crazy Raccoon,Active
Wolfx,Tomás Concha,Chile,Xen,Active
wqtagashi,,Japan,IGZIST,Active
WreXuu,Timothy Barnard,South Africa,Royalty Esports,Active
Wrugb,Anatoly Belousov,Russia,Natus Vincere,Active
wSerious,Romain Dittmann,France,AllPlanned,Active
Wuy,,China,April,Active
Wxltzy,Ben Walton,Australia,Sutoraiku,Active
Xabby,Jakkratorn Khemkhajorn,Thailand,,Active
xaniya,Anton Shkuratov,Russia,789,Active
xanndr,Aleksandr Skulovets,Russia,FIGVAM,Active
Xargon,Wei Chang,Taiwan,,Retired
Xathritess,Abbas Vahabzade,Turkey,,Active
Xav4ge,Lim Ui-jun,South Korea,,Retired
xB1GWolf,Jonas Hömßen,Germany,,Active
Xednim,,United States,,Active
Xekutz,Arif Zikri,Malaysia,Perangai Esport,Inactive
Xenial,Angello Cadenas,United States,Spacestation Gaming,Active
Xeon,Oleksandr Bakumenko,Ukraine,,Retired
Xeratricky,Nelson Medina,United States,FURIA Esports,Active
xeriffer,Franco Samuel Korompai,Slovakia,,Active
Xertys,Berke Balkan,Turkey,Team HLDC,Active
XiaoKai,Yuan Gao,China,MDY White,Active
xKiRiNo,Mituki Hirosue,Japan,Donuts Unsold Stuff Gaming,Active
Xqkfuu,Gabriel Freville,France,,Active
Xron,Dmytro Sakharuk,Ukraine,Natus Vincere,Active
xuqiiii,,China,,Retired
Xzz,,China,,Active
XzZiE,Dante,Peru,,Active
Y4SO,JC McDonough,United States,,Active
Y4tagan,Tomas Shein,Russia,,Retired
Yaga,Emre Yenilmez,Turkey,Team HLDC,Active
yanlys,Jasper Yue Wei Xiang,Singapore,We Are Trash,Active
Yata,Edward McRowan,United States,,Retired
Yayolvy,,Japan,Donuts USG,Retired
yL,,Japan,DeToNator,Active
Yogi,Justin Deese,United States,,Retired
Yousif,Ahmed Al-Dabboos,Canada,,Retired
Youzi,,Taiwan,,Retired
Yraz,Zary Syarie,Malaysia,,Inactive
yubn,Nathan Yoo Rho,United States,,Active
Yudu,,Japan,DeToNator,Active
YufuNa,,Japan,RELATION X,Active
YukaF,Yuga Horie,Japan,GameWith,Active
yukaPEROdator,,Japan,Fascination Colors Destroy,Active
Yuki,Ming-Liang Oscar Jiang,United Kingdom,Alliance,Active
YUKIO,Okano Yuji,Japan,Riddle,Active
Yukipedia,,Japan,,Active
Yuraah,Yuri Minosian,Russia,,Banned
Yus,Jun-Cheng Yu,China,,Retired
Yuyu,,Taiwan,,Active
Z1CKKY,Jirayut Apiwongngam,Thailand,EXO Clan,Active
Zach,Zach Mazer,United States,Cloud9,Active
Zaekownz,Görkem Köksal,Turkey,,Active
Zanmaa,Mikael Nikkinen,Finland,,Active
Zaphehe,Samuel Lohi,Sweden,,Retired
Zaratass,Zirul Iman,Indonesia,NXL WOLFPACK,Active
Zarlox,,Japan,TEQWING,Active
zBryanxT,William Bryan,Brazil,Digital Gaming,Active
ZDavis,Zach Davis,United States,,Active
Zeder,Choi Dam-ho,South Korea,Crazy Raccoon,Active
ZeemKa,Adrien Marcel,France,,Retired
Zeerocious,Zuhair Taleb,Yemen,,Retired
ZELO,Seo Myeong-sung,South Korea,,Active
Zen,Thomas Curr Davey,Australia,,Active
Zephyr,Ben Fossitt,United States,,Active
Zer0,Rhys Perry,Australia,Reignite,Active
Zeref,Alessio Colalenti,Italy,,Active
ZerG,Haydin Thomas Gordon,United States,,Retired
ZeroNothing,Niko Suominen,Finland,Horizon Union,Active
Zeroplus,Michael,Canada,Kungarna,Active
ziki,Janne Sajomaa,Finland,,Active
Zillach,Lucas,Chile,,Active
Zipeth,Mark Christensen,Ireland,LVL,Active
Zipman,,Japan,SCARZ,Active
ziun,,Japan,,Active
ZMB,Yoan Simon,France,,Retired
zolden,Camilo Spinelli,Argentina,,Active
Zoltam,Nicolás Carrasco,Chile,,Active
zombs,Jared Gitlin,United States,,Retired
Zonda,Jung-Da Lyu,Taiwan,,Retired
ZOONINENINENINE,Mauro Londra,Argentina,,Retired
zSxlem,Salem Hassan Al Talhi,Saudi Arabia,,Active
zzj,,China,,Retired
